candidate_id,sequence,length,approx_net_charge,basic_fraction,hydrophobic_fraction,acidic_fraction,polar_fraction,longest_basic_run,longest_hydrophobic_run,source_motif_ids,generation_method,parent_motif_pattern,passed_filters,filter_flags,warning_flags
pep_00001,NWCKRGRKQCKTHPH,15,5,0.3333333333333333,0.06666666666666667,0.0,0.6,2,1,motif_0001;motif_0007,exact_core,NWCKRGRKQCKTHPH,True,,
pep_00002,NWCKRGRKQCKTHPHS,16,5,0.3125,0.0625,0.0,0.625,2,1,motif_0001;motif_0007,exact_flanked,NWCKRGRKQCKTHPH,True,,
pep_00003,QNWCKRGRKQCKTHPHG,17,5,0.29411764705882354,0.058823529411764705,0.0,0.6470588235294118,2,1,motif_0001;motif_0007,exact_flanked,NWCKRGRKQCKTHPH,True,,
pep_00004,QNWCKRGRKQCKTHPH,16,5,0.3125,0.0625,0.0,0.625,2,1,motif_0001;motif_0007,exact_flanked,NWCKRGRKQCKTHPH,True,,
pep_00005,GNWCKRGRKQCKTHPHQ,17,5,0.29411764705882354,0.058823529411764705,0.0,0.6470588235294118,2,1,motif_0001;motif_0007,exact_flanked,NWCKRGRKQCKTHPH,True,,
pep_00006,ANWCKRGRKQCKTHPH,16,5,0.3125,0.125,0.0,0.5625,2,1,motif_0001;motif_0007,exact_flanked,NWCKRGRKQCKTHPH,True,,
pep_00007,GNWCKRGRKQCKTHPHG,17,5,0.29411764705882354,0.058823529411764705,0.0,0.6470588235294118,2,1,motif_0001;motif_0007,exact_flanked,NWCKRGRKQCKTHPH,True,,
pep_00008,NWCKRGRKQCKTHPHA,16,5,0.3125,0.125,0.0,0.5625,2,1,motif_0001;motif_0007,exact_flanked,NWCKRGRKQCKTHPH,True,,
pep_00009,GNWCKRGRKQCKTHPH,16,5,0.3125,0.0625,0.0,0.625,2,1,motif_0001;motif_0007,exact_flanked,NWCKRGRKQCKTHPH,True,,
pep_00010,NWCKRGRKQCKTHPHG,16,5,0.3125,0.0625,0.0,0.625,2,1,motif_0001;motif_0007,exact_flanked,NWCKRGRKQCKTHPH,True,,
pep_00011,SNWCKRGRKQCKTHPH,16,5,0.3125,0.0625,0.0,0.625,2,1,motif_0001;motif_0007,exact_flanked,NWCKRGRKQCKTHPH,True,,
pep_00012,NWCKRGRKQCKTHPHQ,16,5,0.3125,0.0625,0.0,0.625,2,1,motif_0001;motif_0007,exact_flanked,NWCKRGRKQCKTHPH,True,,
pep_00013,QNWCKRGRKQCKTHPHQ,17,5,0.29411764705882354,0.058823529411764705,0.0,0.6470588235294118,2,1,motif_0001;motif_0007,exact_flanked,NWCKRGRKQCKTHPH,True,,
pep_00014,HIQKTGGTT,9,1,0.1111111111111111,0.1111111111111111,0.0,0.7777777777777778,1,1,motif_0002;motif_0003,exact_core,HIQKTGGTT,True,,
pep_00015,HIQKTGGTTS,10,1,0.1,0.1,0.0,0.8,1,1,motif_0002;motif_0003,exact_flanked,HIQKTGGTT,True,,
pep_00016,GHIQKTGGTTG,11,1,0.09090909090909091,0.09090909090909091,0.0,0.8181818181818182,1,1,motif_0002;motif_0003,exact_flanked,HIQKTGGTT,True,,
pep_00017,HIQKTGGTTQ,10,1,0.1,0.1,0.0,0.8,1,1,motif_0002;motif_0003,exact_flanked,HIQKTGGTT,True,,
pep_00018,QHIQKTGGTTQ,11,1,0.09090909090909091,0.09090909090909091,0.0,0.8181818181818182,1,1,motif_0002;motif_0003,exact_flanked,HIQKTGGTT,True,,
pep_00019,QHIQKTGGTTG,11,1,0.09090909090909091,0.09090909090909091,0.0,0.8181818181818182,1,1,motif_0002;motif_0003,exact_flanked,HIQKTGGTT,True,,
pep_00020,HIQKTGGTTA,10,1,0.1,0.2,0.0,0.7,1,1,motif_0002;motif_0003,exact_flanked,HIQKTGGTT,True,,
pep_00021,GHIQKTGGTTQ,11,1,0.09090909090909091,0.09090909090909091,0.0,0.8181818181818182,1,1,motif_0002;motif_0003,exact_flanked,HIQKTGGTT,True,,
pep_00022,SHIQKTGGTT,10,1,0.1,0.1,0.0,0.8,1,1,motif_0002;motif_0003,exact_flanked,HIQKTGGTT,True,,
pep_00023,GHIQKTGGTT,10,1,0.1,0.1,0.0,0.8,1,1,motif_0002;motif_0003,exact_flanked,HIQKTGGTT,True,,
pep_00024,HIQKTGGTTG,10,1,0.1,0.1,0.0,0.8,1,1,motif_0002;motif_0003,exact_flanked,HIQKTGGTT,True,,
pep_00025,QHIQKTGGTT,10,1,0.1,0.1,0.0,0.8,1,1,motif_0002;motif_0003,exact_flanked,HIQKTGGTT,True,,
pep_00026,AHIQKTGGTT,10,1,0.1,0.2,0.0,0.7,1,1,motif_0002;motif_0003,exact_flanked,HIQKTGGTT,True,,
pep_00027,QPRRKTAKMLK,11,5,0.45454545454545453,0.2727272727272727,0.0,0.2727272727272727,3,2,motif_0004,exact_core,QPRRKTAKMLK,True,,
pep_00028,GQPRRKTAKMLK,12,5,0.4166666666666667,0.25,0.0,0.3333333333333333,3,2,motif_0004,exact_flanked,QPRRKTAKMLK,True,,
pep_00029,QQPRRKTAKMLKQ,13,5,0.38461538461538464,0.23076923076923078,0.0,0.38461538461538464,3,2,motif_0004,exact_flanked,QPRRKTAKMLK,True,,
pep_00030,QQPRRKTAKMLK,12,5,0.4166666666666667,0.25,0.0,0.3333333333333333,3,2,motif_0004,exact_flanked,QPRRKTAKMLK,True,,
pep_00031,QPRRKTAKMLKS,12,5,0.4166666666666667,0.25,0.0,0.3333333333333333,3,2,motif_0004,exact_flanked,QPRRKTAKMLK,True,,
pep_00032,QQPRRKTAKMLKG,13,5,0.38461538461538464,0.23076923076923078,0.0,0.38461538461538464,3,2,motif_0004,exact_flanked,QPRRKTAKMLK,True,,
pep_00033,QPRRKTAKMLKG,12,5,0.4166666666666667,0.25,0.0,0.3333333333333333,3,2,motif_0004,exact_flanked,QPRRKTAKMLK,True,,
pep_00034,QPRRKTAKMLKA,12,5,0.4166666666666667,0.3333333333333333,0.0,0.25,3,2,motif_0004,exact_flanked,QPRRKTAKMLK,True,,
pep_00035,GQPRRKTAKMLKQ,13,5,0.38461538461538464,0.23076923076923078,0.0,0.38461538461538464,3,2,motif_0004,exact_flanked,QPRRKTAKMLK,True,,
pep_00036,SQPRRKTAKMLK,12,5,0.4166666666666667,0.25,0.0,0.3333333333333333,3,2,motif_0004,exact_flanked,QPRRKTAKMLK,True,,
pep_00037,GQPRRKTAKMLKG,13,5,0.38461538461538464,0.23076923076923078,0.0,0.38461538461538464,3,2,motif_0004,exact_flanked,QPRRKTAKMLK,True,,
pep_00038,QPRRKTAKMLKQ,12,5,0.4166666666666667,0.25,0.0,0.3333333333333333,3,2,motif_0004,exact_flanked,QPRRKTAKMLK,True,,
pep_00039,AQPRRKTAKMLK,12,5,0.4166666666666667,0.3333333333333333,0.0,0.25,3,2,motif_0004,exact_flanked,QPRRKTAKMLK,True,,
pep_00040,SGKKFKNQ,8,3,0.375,0.125,0.0,0.5,2,1,motif_0005,exact_core,KKFKN,True,,
pep_00041,QSGKKFKNQG,10,3,0.3,0.1,0.0,0.6,2,1,motif_0005,exact_flanked,KKFKN,True,,
pep_00042,ASGKKFKNQ,9,3,0.3333333333333333,0.2222222222222222,0.0,0.4444444444444444,2,1,motif_0005,exact_flanked,KKFKN,True,,
pep_00043,SGKKFKNQQ,9,3,0.3333333333333333,0.1111111111111111,0.0,0.5555555555555556,2,1,motif_0005,exact_flanked,KKFKN,True,,
pep_00044,SGKKFKNQS,9,3,0.3333333333333333,0.1111111111111111,0.0,0.5555555555555556,2,1,motif_0005,exact_flanked,KKFKN,True,,
pep_00045,SSGKKFKNQ,9,3,0.3333333333333333,0.1111111111111111,0.0,0.5555555555555556,2,1,motif_0005,exact_flanked,KKFKN,True,,
pep_00046,GSGKKFKNQG,10,3,0.3,0.1,0.0,0.6,2,1,motif_0005,exact_flanked,KKFKN,True,,
pep_00047,SGKKFKNQG,9,3,0.3333333333333333,0.1111111111111111,0.0,0.5555555555555556,2,1,motif_0005,exact_flanked,KKFKN,True,,
pep_00048,QSGKKFKNQQ,10,3,0.3,0.1,0.0,0.6,2,1,motif_0005,exact_flanked,KKFKN,True,,
pep_00049,QSGKKFKNQ,9,3,0.3333333333333333,0.1111111111111111,0.0,0.5555555555555556,2,1,motif_0005,exact_flanked,KKFKN,True,,
pep_00050,GSGKKFKNQQ,10,3,0.3,0.1,0.0,0.6,2,1,motif_0005,exact_flanked,KKFKN,True,,
pep_00051,SGKKFKNQA,9,3,0.3333333333333333,0.2222222222222222,0.0,0.4444444444444444,2,1,motif_0005,exact_flanked,KKFKN,True,,
pep_00052,GSGKKFKNQ,9,3,0.3333333333333333,0.1111111111111111,0.0,0.5555555555555556,2,1,motif_0005,exact_flanked,KKFKN,True,,
pep_00053,RANVKHLKILN,11,3,0.2727272727272727,0.45454545454545453,0.0,0.2727272727272727,1,2,motif_0006,exact_core,RANVKHLKILN,True,,
pep_00054,QRANVKHLKILNG,13,3,0.23076923076923078,0.38461538461538464,0.0,0.38461538461538464,1,2,motif_0006,exact_flanked,RANVKHLKILN,True,,
pep_00055,RANVKHLKILNG,12,3,0.25,0.4166666666666667,0.0,0.3333333333333333,1,2,motif_0006,exact_flanked,RANVKHLKILN,True,,
pep_00056,GRANVKHLKILN,12,3,0.25,0.4166666666666667,0.0,0.3333333333333333,1,2,motif_0006,exact_flanked,RANVKHLKILN,True,,
pep_00057,RANVKHLKILNQ,12,3,0.25,0.4166666666666667,0.0,0.3333333333333333,1,2,motif_0006,exact_flanked,RANVKHLKILN,True,,
pep_00058,RANVKHLKILNA,12,3,0.25,0.5,0.0,0.25,1,2,motif_0006,exact_flanked,RANVKHLKILN,True,,
pep_00059,GRANVKHLKILNG,13,3,0.23076923076923078,0.38461538461538464,0.0,0.38461538461538464,1,2,motif_0006,exact_flanked,RANVKHLKILN,True,,
pep_00060,QRANVKHLKILN,12,3,0.25,0.4166666666666667,0.0,0.3333333333333333,1,2,motif_0006,exact_flanked,RANVKHLKILN,True,,
pep_00061,QRANVKHLKILNQ,13,3,0.23076923076923078,0.38461538461538464,0.0,0.38461538461538464,1,2,motif_0006,exact_flanked,RANVKHLKILN,True,,
pep_00062,SRANVKHLKILN,12,3,0.25,0.4166666666666667,0.0,0.3333333333333333,1,2,motif_0006,exact_flanked,RANVKHLKILN,True,,
pep_00063,ARANVKHLKILN,12,3,0.25,0.5,0.0,0.25,1,2,motif_0006,exact_flanked,RANVKHLKILN,True,,
pep_00064,GRANVKHLKILNQ,13,3,0.23076923076923078,0.38461538461538464,0.0,0.38461538461538464,1,2,motif_0006,exact_flanked,RANVKHLKILN,True,,
pep_00065,RANVKHLKILNS,12,3,0.25,0.4166666666666667,0.0,0.3333333333333333,1,2,motif_0006,exact_flanked,RANVKHLKILN,True,,
pep_00066,SGLRKRQA,8,3,0.375,0.25,0.0,0.375,3,1,motif_0008,exact_core,LRKR,True,,
pep_00067,SGLRKRQAA,9,3,0.3333333333333333,0.3333333333333333,0.0,0.3333333333333333,3,2,motif_0008,exact_flanked,LRKR,True,,
pep_00068,GSGLRKRQAG,10,3,0.3,0.2,0.0,0.5,3,1,motif_0008,exact_flanked,LRKR,True,,
pep_00069,GSGLRKRQAQ,10,3,0.3,0.2,0.0,0.5,3,1,motif_0008,exact_flanked,LRKR,True,,
pep_00070,SGLRKRQAG,9,3,0.3333333333333333,0.2222222222222222,0.0,0.4444444444444444,3,1,motif_0008,exact_flanked,LRKR,True,,
pep_00071,SGLRKRQAS,9,3,0.3333333333333333,0.2222222222222222,0.0,0.4444444444444444,3,1,motif_0008,exact_flanked,LRKR,True,,
pep_00072,QSGLRKRQA,9,3,0.3333333333333333,0.2222222222222222,0.0,0.4444444444444444,3,1,motif_0008,exact_flanked,LRKR,True,,
pep_00073,QSGLRKRQAG,10,3,0.3,0.2,0.0,0.5,3,1,motif_0008,exact_flanked,LRKR,True,,
pep_00074,QSGLRKRQAQ,10,3,0.3,0.2,0.0,0.5,3,1,motif_0008,exact_flanked,LRKR,True,,
pep_00075,SGLRKRQAQ,9,3,0.3333333333333333,0.2222222222222222,0.0,0.4444444444444444,3,1,motif_0008,exact_flanked,LRKR,True,,
pep_00076,SSGLRKRQA,9,3,0.3333333333333333,0.2222222222222222,0.0,0.4444444444444444,3,1,motif_0008,exact_flanked,LRKR,True,,
pep_00077,ASGLRKRQA,9,3,0.3333333333333333,0.3333333333333333,0.0,0.3333333333333333,3,1,motif_0008,exact_flanked,LRKR,True,,
pep_00078,GSGLRKRQA,9,3,0.3333333333333333,0.2222222222222222,0.0,0.4444444444444444,3,1,motif_0008,exact_flanked,LRKR,True,,
pep_00079,GERLRARM,8,2,0.375,0.375,0.125,0.125,1,1,motif_0009;motif_0020,exact_core,GERLRARM,True,,
pep_00080,GGERLRARM,9,2,0.3333333333333333,0.3333333333333333,0.1111111111111111,0.2222222222222222,1,1,motif_0009;motif_0020,exact_flanked,GERLRARM,True,,
pep_00081,GERLRARMQ,9,2,0.3333333333333333,0.3333333333333333,0.1111111111111111,0.2222222222222222,1,1,motif_0009;motif_0020,exact_flanked,GERLRARM,True,,
pep_00082,GERLRARMG,9,2,0.3333333333333333,0.3333333333333333,0.1111111111111111,0.2222222222222222,1,1,motif_0009;motif_0020,exact_flanked,GERLRARM,True,,
pep_00083,GERLRARMS,9,2,0.3333333333333333,0.3333333333333333,0.1111111111111111,0.2222222222222222,1,1,motif_0009;motif_0020,exact_flanked,GERLRARM,True,,
pep_00084,SGERLRARM,9,2,0.3333333333333333,0.3333333333333333,0.1111111111111111,0.2222222222222222,1,1,motif_0009;motif_0020,exact_flanked,GERLRARM,True,,
pep_00085,QGERLRARM,9,2,0.3333333333333333,0.3333333333333333,0.1111111111111111,0.2222222222222222,1,1,motif_0009;motif_0020,exact_flanked,GERLRARM,True,,
pep_00086,GGERLRARMG,10,2,0.3,0.3,0.1,0.3,1,1,motif_0009;motif_0020,exact_flanked,GERLRARM,True,,
pep_00087,QGERLRARMG,10,2,0.3,0.3,0.1,0.3,1,1,motif_0009;motif_0020,exact_flanked,GERLRARM,True,,
pep_00088,GGERLRARMQ,10,2,0.3,0.3,0.1,0.3,1,1,motif_0009;motif_0020,exact_flanked,GERLRARM,True,,
pep_00089,QGERLRARMQ,10,2,0.3,0.3,0.1,0.3,1,1,motif_0009;motif_0020,exact_flanked,GERLRARM,True,,
pep_00090,GERLRARMA,9,2,0.3333333333333333,0.4444444444444444,0.1111111111111111,0.1111111111111111,1,2,motif_0009;motif_0020,exact_flanked,GERLRARM,True,,
pep_00091,AGERLRARM,9,2,0.3333333333333333,0.4444444444444444,0.1111111111111111,0.1111111111111111,1,1,motif_0009;motif_0020,exact_flanked,GERLRARM,True,,
pep_00092,RRLRRMESESES,12,1,0.3333333333333333,0.16666666666666666,0.25,0.25,2,1,motif_0010,exact_core,RRLRRMESESES,True,,
pep_00093,ARRLRRMESESES,13,1,0.3076923076923077,0.23076923076923078,0.23076923076923078,0.23076923076923078,2,1,motif_0010,exact_flanked,RRLRRMESESES,True,,
pep_00094,RRLRRMESESESA,13,1,0.3076923076923077,0.23076923076923078,0.23076923076923078,0.23076923076923078,2,1,motif_0010,exact_flanked,RRLRRMESESES,True,,
pep_00095,SRRLRRMESESES,13,1,0.3076923076923077,0.15384615384615385,0.23076923076923078,0.3076923076923077,2,1,motif_0010,exact_flanked,RRLRRMESESES,True,,
pep_00096,RRLRRMESESESQ,13,1,0.3076923076923077,0.15384615384615385,0.23076923076923078,0.3076923076923077,2,1,motif_0010,exact_flanked,RRLRRMESESES,True,,
pep_00097,QRRLRRMESESES,13,1,0.3076923076923077,0.15384615384615385,0.23076923076923078,0.3076923076923077,2,1,motif_0010,exact_flanked,RRLRRMESESES,True,,
pep_00098,GRRLRRMESESESQ,14,1,0.2857142857142857,0.14285714285714285,0.21428571428571427,0.35714285714285715,2,1,motif_0010,exact_flanked,RRLRRMESESES,True,,
pep_00099,QRRLRRMESESESQ,14,1,0.2857142857142857,0.14285714285714285,0.21428571428571427,0.35714285714285715,2,1,motif_0010,exact_flanked,RRLRRMESESES,True,,
pep_00100,QRRLRRMESESESG,14,1,0.2857142857142857,0.14285714285714285,0.21428571428571427,0.35714285714285715,2,1,motif_0010,exact_flanked,RRLRRMESESES,True,,
pep_00101,RRLRRMESESESG,13,1,0.3076923076923077,0.15384615384615385,0.23076923076923078,0.3076923076923077,2,1,motif_0010,exact_flanked,RRLRRMESESES,True,,
pep_00102,GRRLRRMESESES,13,1,0.3076923076923077,0.15384615384615385,0.23076923076923078,0.3076923076923077,2,1,motif_0010,exact_flanked,RRLRRMESESES,True,,
pep_00103,RRLRRMESESESS,13,1,0.3076923076923077,0.15384615384615385,0.23076923076923078,0.3076923076923077,2,1,motif_0010,exact_flanked,RRLRRMESESES,True,,
pep_00104,GRRLRRMESESESG,14,1,0.2857142857142857,0.14285714285714285,0.21428571428571427,0.35714285714285715,2,1,motif_0010,exact_flanked,RRLRRMESESES,True,,
pep_00105,RKKKGGKNGKNRRNRKKKN,19,12,0.631578947368421,0.0,0.0,0.3684210526315789,4,0,motif_0011,exact_core,RKKKGGKNGKNRRNRKKKN,True,,cpp_like_uptake_risk
pep_00106,SRKKKGGKNGKNRRNRKKKN,20,12,0.6,0.0,0.0,0.4,4,0,motif_0011,exact_flanked,RKKKGGKNGKNRRNRKKKN,True,,cpp_like_uptake_risk
pep_00107,RKKKGGKNGKNRRNRKKKNQ,20,12,0.6,0.0,0.0,0.4,4,0,motif_0011,exact_flanked,RKKKGGKNGKNRRNRKKKN,True,,cpp_like_uptake_risk
pep_00108,ARKKKGGKNGKNRRNRKKKN,20,12,0.6,0.05,0.0,0.35,4,1,motif_0011,exact_flanked,RKKKGGKNGKNRRNRKKKN,True,,cpp_like_uptake_risk
pep_00109,QRKKKGGKNGKNRRNRKKKN,20,12,0.6,0.0,0.0,0.4,4,0,motif_0011,exact_flanked,RKKKGGKNGKNRRNRKKKN,True,,cpp_like_uptake_risk
pep_00110,RKKKGGKNGKNRRNRKKKNA,20,12,0.6,0.05,0.0,0.35,4,1,motif_0011,exact_flanked,RKKKGGKNGKNRRNRKKKN,True,,cpp_like_uptake_risk
pep_00111,GRKKKGGKNGKNRRNRKKKN,20,12,0.6,0.0,0.0,0.4,4,0,motif_0011,exact_flanked,RKKKGGKNGKNRRNRKKKN,True,,cpp_like_uptake_risk
pep_00112,RKKKGGKNGKNRRNRKKKNS,20,12,0.6,0.0,0.0,0.4,4,0,motif_0011,exact_flanked,RKKKGGKNGKNRRNRKKKN,True,,cpp_like_uptake_risk
pep_00113,RKKKGGKNGKNRRNRKKKNG,20,12,0.6,0.0,0.0,0.4,4,0,motif_0011,exact_flanked,RKKKGGKNGKNRRNRKKKN,True,,cpp_like_uptake_risk
pep_00115,RRVWELSK,8,2,0.375,0.375,0.125,0.125,2,2,motif_0013,exact_core,RRVWELSK,True,,
pep_00116,GRRVWELSK,9,2,0.3333333333333333,0.3333333333333333,0.1111111111111111,0.2222222222222222,2,2,motif_0013,exact_flanked,RRVWELSK,True,,
pep_00117,RRVWELSKS,9,2,0.3333333333333333,0.3333333333333333,0.1111111111111111,0.2222222222222222,2,2,motif_0013,exact_flanked,RRVWELSK,True,,
pep_00118,RRVWELSKG,9,2,0.3333333333333333,0.3333333333333333,0.1111111111111111,0.2222222222222222,2,2,motif_0013,exact_flanked,RRVWELSK,True,,
pep_00119,QRRVWELSKG,10,2,0.3,0.3,0.1,0.3,2,2,motif_0013,exact_flanked,RRVWELSK,True,,
pep_00120,RRVWELSKA,9,2,0.3333333333333333,0.4444444444444444,0.1111111111111111,0.1111111111111111,2,2,motif_0013,exact_flanked,RRVWELSK,True,,
pep_00121,QRRVWELSK,9,2,0.3333333333333333,0.3333333333333333,0.1111111111111111,0.2222222222222222,2,2,motif_0013,exact_flanked,RRVWELSK,True,,
pep_00122,QRRVWELSKQ,10,2,0.3,0.3,0.1,0.3,2,2,motif_0013,exact_flanked,RRVWELSK,True,,
pep_00123,GRRVWELSKQ,10,2,0.3,0.3,0.1,0.3,2,2,motif_0013,exact_flanked,RRVWELSK,True,,
pep_00124,SRRVWELSK,9,2,0.3333333333333333,0.3333333333333333,0.1111111111111111,0.2222222222222222,2,2,motif_0013,exact_flanked,RRVWELSK,True,,
pep_00125,RRVWELSKQ,9,2,0.3333333333333333,0.3333333333333333,0.1111111111111111,0.2222222222222222,2,2,motif_0013,exact_flanked,RRVWELSK,True,,
pep_00126,GRRVWELSKG,10,2,0.3,0.3,0.1,0.3,2,2,motif_0013,exact_flanked,RRVWELSK,True,,
pep_00127,ARRVWELSK,9,2,0.3333333333333333,0.4444444444444444,0.1111111111111111,0.1111111111111111,2,2,motif_0013,exact_flanked,RRVWELSK,True,,
pep_00129,SFFFAKLNCRLYRKA,15,4,0.26666666666666666,0.5333333333333333,0.0,0.2,2,4,motif_0014,exact_flanked,FFFAKLNCRLYRKA,True,,aggregation_risk
pep_00131,QFFFAKLNCRLYRKAQ,16,4,0.25,0.5,0.0,0.25,2,4,motif_0014,exact_flanked,FFFAKLNCRLYRKA,True,,aggregation_risk
pep_00132,QFFFAKLNCRLYRKAG,16,4,0.25,0.5,0.0,0.25,2,4,motif_0014,exact_flanked,FFFAKLNCRLYRKA,True,,aggregation_risk
pep_00133,GFFFAKLNCRLYRKAG,16,4,0.25,0.5,0.0,0.25,2,4,motif_0014,exact_flanked,FFFAKLNCRLYRKA,True,,aggregation_risk
pep_00134,FFFAKLNCRLYRKAS,15,4,0.26666666666666666,0.5333333333333333,0.0,0.2,2,4,motif_0014,exact_flanked,FFFAKLNCRLYRKA,True,,aggregation_risk
pep_00135,FFFAKLNCRLYRKAG,15,4,0.26666666666666666,0.5333333333333333,0.0,0.2,2,4,motif_0014,exact_flanked,FFFAKLNCRLYRKA,True,,aggregation_risk
pep_00137,QFFFAKLNCRLYRKA,15,4,0.26666666666666666,0.5333333333333333,0.0,0.2,2,4,motif_0014,exact_flanked,FFFAKLNCRLYRKA,True,,aggregation_risk
pep_00138,GFFFAKLNCRLYRKAQ,16,4,0.25,0.5,0.0,0.25,2,4,motif_0014,exact_flanked,FFFAKLNCRLYRKA,True,,aggregation_risk
pep_00139,FFFAKLNCRLYRKAQ,15,4,0.26666666666666666,0.5333333333333333,0.0,0.2,2,4,motif_0014,exact_flanked,FFFAKLNCRLYRKA,True,,aggregation_risk
pep_00140,GFFFAKLNCRLYRKA,15,4,0.26666666666666666,0.5333333333333333,0.0,0.2,2,4,motif_0014,exact_flanked,FFFAKLNCRLYRKA,True,,aggregation_risk
pep_00142,KPEKSLAKVEKELT,14,1,0.2857142857142857,0.2857142857142857,0.21428571428571427,0.21428571428571427,1,2,motif_0016,exact_core,KPEKSLAKVEKELT,True,,
pep_00143,GKPEKSLAKVEKELTG,16,1,0.25,0.25,0.1875,0.3125,1,2,motif_0016,exact_flanked,KPEKSLAKVEKELT,True,,
pep_00144,GKPEKSLAKVEKELT,15,1,0.26666666666666666,0.26666666666666666,0.2,0.26666666666666666,1,2,motif_0016,exact_flanked,KPEKSLAKVEKELT,True,,
pep_00145,KPEKSLAKVEKELTQ,15,1,0.26666666666666666,0.26666666666666666,0.2,0.26666666666666666,1,2,motif_0016,exact_flanked,KPEKSLAKVEKELT,True,,
pep_00146,QKPEKSLAKVEKELTQ,16,1,0.25,0.25,0.1875,0.3125,1,2,motif_0016,exact_flanked,KPEKSLAKVEKELT,True,,
pep_00147,KPEKSLAKVEKELTG,15,1,0.26666666666666666,0.26666666666666666,0.2,0.26666666666666666,1,2,motif_0016,exact_flanked,KPEKSLAKVEKELT,True,,
pep_00148,QKPEKSLAKVEKELTG,16,1,0.25,0.25,0.1875,0.3125,1,2,motif_0016,exact_flanked,KPEKSLAKVEKELT,True,,
pep_00149,QKPEKSLAKVEKELT,15,1,0.26666666666666666,0.26666666666666666,0.2,0.26666666666666666,1,2,motif_0016,exact_flanked,KPEKSLAKVEKELT,True,,
pep_00150,KPEKSLAKVEKELTA,15,1,0.26666666666666666,0.3333333333333333,0.2,0.2,1,2,motif_0016,exact_flanked,KPEKSLAKVEKELT,True,,
pep_00151,SKPEKSLAKVEKELT,15,1,0.26666666666666666,0.26666666666666666,0.2,0.26666666666666666,1,2,motif_0016,exact_flanked,KPEKSLAKVEKELT,True,,
pep_00152,AKPEKSLAKVEKELT,15,1,0.26666666666666666,0.3333333333333333,0.2,0.2,1,2,motif_0016,exact_flanked,KPEKSLAKVEKELT,True,,
pep_00153,GKPEKSLAKVEKELTQ,16,1,0.25,0.25,0.1875,0.3125,1,2,motif_0016,exact_flanked,KPEKSLAKVEKELT,True,,
pep_00154,KPEKSLAKVEKELTS,15,1,0.26666666666666666,0.26666666666666666,0.2,0.26666666666666666,1,2,motif_0016,exact_flanked,KPEKSLAKVEKELT,True,,
pep_00155,LSVKAQYKKNKHRHSI,16,5,0.3125,0.3125,0.0,0.375,2,1,motif_0017,exact_core,LSVKAQYKKNKHRHSI,True,,
pep_00156,SLSVKAQYKKNKHRHSI,17,5,0.29411764705882354,0.29411764705882354,0.0,0.4117647058823529,2,1,motif_0017,exact_flanked,LSVKAQYKKNKHRHSI,True,,
pep_00157,GLSVKAQYKKNKHRHSIG,18,5,0.2777777777777778,0.2777777777777778,0.0,0.4444444444444444,2,1,motif_0017,exact_flanked,LSVKAQYKKNKHRHSI,True,,
pep_00158,ALSVKAQYKKNKHRHSI,17,5,0.29411764705882354,0.35294117647058826,0.0,0.35294117647058826,2,2,motif_0017,exact_flanked,LSVKAQYKKNKHRHSI,True,,
pep_00159,QLSVKAQYKKNKHRHSIQ,18,5,0.2777777777777778,0.2777777777777778,0.0,0.4444444444444444,2,1,motif_0017,exact_flanked,LSVKAQYKKNKHRHSI,True,,
pep_00160,LSVKAQYKKNKHRHSIQ,17,5,0.29411764705882354,0.29411764705882354,0.0,0.4117647058823529,2,1,motif_0017,exact_flanked,LSVKAQYKKNKHRHSI,True,,
pep_00161,QLSVKAQYKKNKHRHSIG,18,5,0.2777777777777778,0.2777777777777778,0.0,0.4444444444444444,2,1,motif_0017,exact_flanked,LSVKAQYKKNKHRHSI,True,,
pep_00162,LSVKAQYKKNKHRHSIA,17,5,0.29411764705882354,0.35294117647058826,0.0,0.35294117647058826,2,2,motif_0017,exact_flanked,LSVKAQYKKNKHRHSI,True,,
pep_00163,LSVKAQYKKNKHRHSIS,17,5,0.29411764705882354,0.29411764705882354,0.0,0.4117647058823529,2,1,motif_0017,exact_flanked,LSVKAQYKKNKHRHSI,True,,
pep_00164,GLSVKAQYKKNKHRHSIQ,18,5,0.2777777777777778,0.2777777777777778,0.0,0.4444444444444444,2,1,motif_0017,exact_flanked,LSVKAQYKKNKHRHSI,True,,
pep_00165,GLSVKAQYKKNKHRHSI,17,5,0.29411764705882354,0.29411764705882354,0.0,0.4117647058823529,2,1,motif_0017,exact_flanked,LSVKAQYKKNKHRHSI,True,,
pep_00166,QLSVKAQYKKNKHRHSI,17,5,0.29411764705882354,0.29411764705882354,0.0,0.4117647058823529,2,1,motif_0017,exact_flanked,LSVKAQYKKNKHRHSI,True,,
pep_00167,LSVKAQYKKNKHRHSIG,17,5,0.29411764705882354,0.29411764705882354,0.0,0.4117647058823529,2,1,motif_0017,exact_flanked,LSVKAQYKKNKHRHSI,True,,
pep_00168,YKLEGTTRLTRKRGLKLATA,20,5,0.3,0.35,0.05,0.3,3,2,motif_0018,exact_core,YKLEGTTRLTRKRGLKLATA,True,,
pep_00169,LRKRLLRD,8,3,0.5,0.375,0.125,0.0,3,2,motif_0019,exact_core,LRKRLLRD,True,,
pep_00170,LRKRLLRDA,9,3,0.4444444444444444,0.4444444444444444,0.1111111111111111,0.0,3,2,motif_0019,exact_flanked,LRKRLLRD,True,,
pep_00171,QLRKRLLRDG,10,3,0.4,0.3,0.1,0.2,3,2,motif_0019,exact_flanked,LRKRLLRD,True,,
pep_00172,GLRKRLLRD,9,3,0.4444444444444444,0.3333333333333333,0.1111111111111111,0.1111111111111111,3,2,motif_0019,exact_flanked,LRKRLLRD,True,,
pep_00173,SLRKRLLRD,9,3,0.4444444444444444,0.3333333333333333,0.1111111111111111,0.1111111111111111,3,2,motif_0019,exact_flanked,LRKRLLRD,True,,
pep_00174,LRKRLLRDS,9,3,0.4444444444444444,0.3333333333333333,0.1111111111111111,0.1111111111111111,3,2,motif_0019,exact_flanked,LRKRLLRD,True,,
pep_00175,LRKRLLRDG,9,3,0.4444444444444444,0.3333333333333333,0.1111111111111111,0.1111111111111111,3,2,motif_0019,exact_flanked,LRKRLLRD,True,,
pep_00176,QLRKRLLRD,9,3,0.4444444444444444,0.3333333333333333,0.1111111111111111,0.1111111111111111,3,2,motif_0019,exact_flanked,LRKRLLRD,True,,
pep_00177,ALRKRLLRD,9,3,0.4444444444444444,0.4444444444444444,0.1111111111111111,0.0,3,2,motif_0019,exact_flanked,LRKRLLRD,True,,
pep_00178,QLRKRLLRDQ,10,3,0.4,0.3,0.1,0.2,3,2,motif_0019,exact_flanked,LRKRLLRD,True,,
pep_00179,GLRKRLLRDG,10,3,0.4,0.3,0.1,0.2,3,2,motif_0019,exact_flanked,LRKRLLRD,True,,
pep_00180,GLRKRLLRDQ,10,3,0.4,0.3,0.1,0.2,3,2,motif_0019,exact_flanked,LRKRLLRD,True,,
pep_00181,LRKRLLRDQ,9,3,0.4444444444444444,0.3333333333333333,0.1111111111111111,0.1111111111111111,3,2,motif_0019,exact_flanked,LRKRLLRD,True,,
pep_00183,GRRRYARKA,9,5,0.5555555555555556,0.3333333333333333,0.0,0.1111111111111111,3,2,motif_0021,exact_flanked,RRRYARK,True,,aggregation_risk
pep_00184,SGRRRYARK,9,5,0.5555555555555556,0.2222222222222222,0.0,0.2222222222222222,3,2,motif_0021,exact_flanked,RRRYARK,True,,
pep_00185,GRRRYARKQ,9,5,0.5555555555555556,0.2222222222222222,0.0,0.2222222222222222,3,2,motif_0021,exact_flanked,RRRYARK,True,,
pep_00186,GGRRRYARKQ,10,5,0.5,0.2,0.0,0.3,3,2,motif_0021,exact_flanked,RRRYARK,True,,
pep_00187,GGRRRYARKG,10,5,0.5,0.2,0.0,0.3,3,2,motif_0021,exact_flanked,RRRYARK,True,,
pep_00188,GRRRYARKS,9,5,0.5555555555555556,0.2222222222222222,0.0,0.2222222222222222,3,2,motif_0021,exact_flanked,RRRYARK,True,,
pep_00189,GGRRRYARK,9,5,0.5555555555555556,0.2222222222222222,0.0,0.2222222222222222,3,2,motif_0021,exact_flanked,RRRYARK,True,,
pep_00190,QGRRRYARKQ,10,5,0.5,0.2,0.0,0.3,3,2,motif_0021,exact_flanked,RRRYARK,True,,
pep_00191,QGRRRYARKG,10,5,0.5,0.2,0.0,0.3,3,2,motif_0021,exact_flanked,RRRYARK,True,,
pep_00192,QGRRRYARK,9,5,0.5555555555555556,0.2222222222222222,0.0,0.2222222222222222,3,2,motif_0021,exact_flanked,RRRYARK,True,,
pep_00193,GRRRYARKG,9,5,0.5555555555555556,0.2222222222222222,0.0,0.2222222222222222,3,2,motif_0021,exact_flanked,RRRYARK,True,,
pep_00194,AGRRRYARK,9,5,0.5555555555555556,0.3333333333333333,0.0,0.1111111111111111,3,2,motif_0021,exact_flanked,RRRYARK,True,,aggregation_risk
pep_00196,LKRTGQYKLGSKTGPGQK,18,5,0.2777777777777778,0.16666666666666666,0.0,0.5555555555555556,2,1,motif_0023,exact_core,LKRTGQYKLGSKTGPGQK,True,,
pep_00197,ALKRTGQYKLGSKTGPGQK,19,5,0.2631578947368421,0.21052631578947367,0.0,0.5263157894736842,2,2,motif_0023,exact_flanked,LKRTGQYKLGSKTGPGQK,True,,
pep_00198,LKRTGQYKLGSKTGPGQKG,19,5,0.2631578947368421,0.15789473684210525,0.0,0.5789473684210527,2,1,motif_0023,exact_flanked,LKRTGQYKLGSKTGPGQK,True,,
pep_00199,QLKRTGQYKLGSKTGPGQKQ,20,5,0.25,0.15,0.0,0.6,2,1,motif_0023,exact_flanked,LKRTGQYKLGSKTGPGQK,True,,
pep_00200,LKRTGQYKLGSKTGPGQKQ,19,5,0.2631578947368421,0.15789473684210525,0.0,0.5789473684210527,2,1,motif_0023,exact_flanked,LKRTGQYKLGSKTGPGQK,True,,
pep_00201,LKRTGQYKLGSKTGPGQKS,19,5,0.2631578947368421,0.15789473684210525,0.0,0.5789473684210527,2,1,motif_0023,exact_flanked,LKRTGQYKLGSKTGPGQK,True,,
pep_00202,GLKRTGQYKLGSKTGPGQKG,20,5,0.25,0.15,0.0,0.6,2,1,motif_0023,exact_flanked,LKRTGQYKLGSKTGPGQK,True,,
pep_00203,GLKRTGQYKLGSKTGPGQK,19,5,0.2631578947368421,0.15789473684210525,0.0,0.5789473684210527,2,1,motif_0023,exact_flanked,LKRTGQYKLGSKTGPGQK,True,,
pep_00204,QLKRTGQYKLGSKTGPGQKG,20,5,0.25,0.15,0.0,0.6,2,1,motif_0023,exact_flanked,LKRTGQYKLGSKTGPGQK,True,,
pep_00205,SLKRTGQYKLGSKTGPGQK,19,5,0.2631578947368421,0.15789473684210525,0.0,0.5789473684210527,2,1,motif_0023,exact_flanked,LKRTGQYKLGSKTGPGQK,True,,
pep_00206,GLKRTGQYKLGSKTGPGQKQ,20,5,0.25,0.15,0.0,0.6,2,1,motif_0023,exact_flanked,LKRTGQYKLGSKTGPGQK,True,,
pep_00207,QLKRTGQYKLGSKTGPGQK,19,5,0.2631578947368421,0.15789473684210525,0.0,0.5789473684210527,2,1,motif_0023,exact_flanked,LKRTGQYKLGSKTGPGQK,True,,
pep_00208,LKRTGQYKLGSKTGPGQKA,19,5,0.2631578947368421,0.21052631578947367,0.0,0.5263157894736842,2,1,motif_0023,exact_flanked,LKRTGQYKLGSKTGPGQK,True,,
pep_00209,KRTGQYKLGSKTGPGQKAIL,20,5,0.25,0.25,0.0,0.5,2,3,motif_0024,exact_core,KRTGQYKLGSKTGPGQKAIL,True,,
pep_00210,LSKNGKTKKGNRVSPTMKVT,20,6,0.3,0.2,0.0,0.5,2,1,motif_0025,exact_core,LSKNGKTKKGNRVSPTMKVT,True,,
pep_00215,YEKPGSPPREVVPRPRPGV,19,2,0.21052631578947367,0.21052631578947367,0.10526315789473684,0.47368421052631576,1,2,motif_0030,exact_core,YEKPGSPPREVVPRPRPGV,True,,
pep_00216,SYEKPGSPPREVVPRPRPGV,20,2,0.2,0.2,0.1,0.5,1,2,motif_0030,exact_flanked,YEKPGSPPREVVPRPRPGV,True,,
pep_00217,YEKPGSPPREVVPRPRPGVQ,20,2,0.2,0.2,0.1,0.5,1,2,motif_0030,exact_flanked,YEKPGSPPREVVPRPRPGV,True,,
pep_00218,YEKPGSPPREVVPRPRPGVG,20,2,0.2,0.2,0.1,0.5,1,2,motif_0030,exact_flanked,YEKPGSPPREVVPRPRPGV,True,,
pep_00219,GYEKPGSPPREVVPRPRPGV,20,2,0.2,0.2,0.1,0.5,1,2,motif_0030,exact_flanked,YEKPGSPPREVVPRPRPGV,True,,
pep_00220,YEKPGSPPREVVPRPRPGVA,20,2,0.2,0.25,0.1,0.45,1,2,motif_0030,exact_flanked,YEKPGSPPREVVPRPRPGV,True,,
pep_00221,YEKPGSPPREVVPRPRPGVS,20,2,0.2,0.2,0.1,0.5,1,2,motif_0030,exact_flanked,YEKPGSPPREVVPRPRPGV,True,,
pep_00222,QYEKPGSPPREVVPRPRPGV,20,2,0.2,0.2,0.1,0.5,1,2,motif_0030,exact_flanked,YEKPGSPPREVVPRPRPGV,True,,
pep_00223,AYEKPGSPPREVVPRPRPGV,20,2,0.2,0.25,0.1,0.45,1,2,motif_0030,exact_flanked,YEKPGSPPREVVPRPRPGV,True,,
pep_00224,KNNQKSEPLIGRKKT,15,4,0.3333333333333333,0.13333333333333333,0.06666666666666667,0.4666666666666667,3,2,motif_0031,exact_core,KNNQKSEPLIGRKKT,True,,
pep_00225,QKNNQKSEPLIGRKKT,16,4,0.3125,0.125,0.0625,0.5,3,2,motif_0031,exact_flanked,KNNQKSEPLIGRKKT,True,,
pep_00226,KNNQKSEPLIGRKKTG,16,4,0.3125,0.125,0.0625,0.5,3,2,motif_0031,exact_flanked,KNNQKSEPLIGRKKT,True,,
pep_00227,KNNQKSEPLIGRKKTQ,16,4,0.3125,0.125,0.0625,0.5,3,2,motif_0031,exact_flanked,KNNQKSEPLIGRKKT,True,,
pep_00228,QKNNQKSEPLIGRKKTQ,17,4,0.29411764705882354,0.11764705882352941,0.058823529411764705,0.5294117647058824,3,2,motif_0031,exact_flanked,KNNQKSEPLIGRKKT,True,,
pep_00229,GKNNQKSEPLIGRKKT,16,4,0.3125,0.125,0.0625,0.5,3,2,motif_0031,exact_flanked,KNNQKSEPLIGRKKT,True,,
pep_00230,GKNNQKSEPLIGRKKTG,17,4,0.29411764705882354,0.11764705882352941,0.058823529411764705,0.5294117647058824,3,2,motif_0031,exact_flanked,KNNQKSEPLIGRKKT,True,,
pep_00231,QKNNQKSEPLIGRKKTG,17,4,0.29411764705882354,0.11764705882352941,0.058823529411764705,0.5294117647058824,3,2,motif_0031,exact_flanked,KNNQKSEPLIGRKKT,True,,
pep_00232,SKNNQKSEPLIGRKKT,16,4,0.3125,0.125,0.0625,0.5,3,2,motif_0031,exact_flanked,KNNQKSEPLIGRKKT,True,,
pep_00233,AKNNQKSEPLIGRKKT,16,4,0.3125,0.1875,0.0625,0.4375,3,2,motif_0031,exact_flanked,KNNQKSEPLIGRKKT,True,,
pep_00234,KNNQKSEPLIGRKKTA,16,4,0.3125,0.1875,0.0625,0.4375,3,2,motif_0031,exact_flanked,KNNQKSEPLIGRKKT,True,,
pep_00235,GKNNQKSEPLIGRKKTQ,17,4,0.29411764705882354,0.11764705882352941,0.058823529411764705,0.5294117647058824,3,2,motif_0031,exact_flanked,KNNQKSEPLIGRKKT,True,,
pep_00236,KNNQKSEPLIGRKKTS,16,4,0.3125,0.125,0.0625,0.5,3,2,motif_0031,exact_flanked,KNNQKSEPLIGRKKT,True,,
pep_00239,FRKLTHRLFRRNFGYTLR,18,6,0.3333333333333333,0.3888888888888889,0.0,0.2777777777777778,2,2,motif_0034,exact_core,FRKLTHRLFRRNFGYTLR,True,,
pep_00240,FRKLTHRLFRRNFGYTLRQ,19,6,0.3157894736842105,0.3684210526315789,0.0,0.3157894736842105,2,2,motif_0034,exact_flanked,FRKLTHRLFRRNFGYTLR,True,,
pep_00241,SFRKLTHRLFRRNFGYTLR,19,6,0.3157894736842105,0.3684210526315789,0.0,0.3157894736842105,2,2,motif_0034,exact_flanked,FRKLTHRLFRRNFGYTLR,True,,
pep_00242,FRKLTHRLFRRNFGYTLRA,19,6,0.3157894736842105,0.42105263157894735,0.0,0.2631578947368421,2,2,motif_0034,exact_flanked,FRKLTHRLFRRNFGYTLR,True,,
pep_00243,QFRKLTHRLFRRNFGYTLR,19,6,0.3157894736842105,0.3684210526315789,0.0,0.3157894736842105,2,2,motif_0034,exact_flanked,FRKLTHRLFRRNFGYTLR,True,,
pep_00244,QFRKLTHRLFRRNFGYTLRQ,20,6,0.3,0.35,0.0,0.35,2,2,motif_0034,exact_flanked,FRKLTHRLFRRNFGYTLR,True,,
pep_00245,GFRKLTHRLFRRNFGYTLRQ,20,6,0.3,0.35,0.0,0.35,2,2,motif_0034,exact_flanked,FRKLTHRLFRRNFGYTLR,True,,
pep_00246,QFRKLTHRLFRRNFGYTLRG,20,6,0.3,0.35,0.0,0.35,2,2,motif_0034,exact_flanked,FRKLTHRLFRRNFGYTLR,True,,
pep_00247,FRKLTHRLFRRNFGYTLRS,19,6,0.3157894736842105,0.3684210526315789,0.0,0.3157894736842105,2,2,motif_0034,exact_flanked,FRKLTHRLFRRNFGYTLR,True,,
pep_00248,AFRKLTHRLFRRNFGYTLR,19,6,0.3157894736842105,0.42105263157894735,0.0,0.2631578947368421,2,2,motif_0034,exact_flanked,FRKLTHRLFRRNFGYTLR,True,,
pep_00249,GFRKLTHRLFRRNFGYTLR,19,6,0.3157894736842105,0.3684210526315789,0.0,0.3157894736842105,2,2,motif_0034,exact_flanked,FRKLTHRLFRRNFGYTLR,True,,
pep_00250,FRKLTHRLFRRNFGYTLRG,19,6,0.3157894736842105,0.3684210526315789,0.0,0.3157894736842105,2,2,motif_0034,exact_flanked,FRKLTHRLFRRNFGYTLR,True,,
pep_00251,GFRKLTHRLFRRNFGYTLRG,20,6,0.3,0.35,0.0,0.35,2,2,motif_0034,exact_flanked,FRKLTHRLFRRNFGYTLR,True,,
pep_00252,KKFKNSTYSRSSVDC,15,3,0.26666666666666666,0.2,0.06666666666666667,0.4666666666666667,2,1,motif_0035,exact_core,KKFKNSTYSRSSVDC,True,,
pep_00253,QKKFKNSTYSRSSVDCQ,17,3,0.23529411764705882,0.17647058823529413,0.058823529411764705,0.5294117647058824,2,1,motif_0035,exact_flanked,KKFKNSTYSRSSVDC,True,,
pep_00254,KKFKNSTYSRSSVDCG,16,3,0.25,0.1875,0.0625,0.5,2,1,motif_0035,exact_flanked,KKFKNSTYSRSSVDC,True,,
pep_00255,QKKFKNSTYSRSSVDC,16,3,0.25,0.1875,0.0625,0.5,2,1,motif_0035,exact_flanked,KKFKNSTYSRSSVDC,True,,
pep_00256,KKFKNSTYSRSSVDCQ,16,3,0.25,0.1875,0.0625,0.5,2,1,motif_0035,exact_flanked,KKFKNSTYSRSSVDC,True,,
pep_00257,SKKFKNSTYSRSSVDC,16,3,0.25,0.1875,0.0625,0.5,2,1,motif_0035,exact_flanked,KKFKNSTYSRSSVDC,True,,
pep_00258,GKKFKNSTYSRSSVDC,16,3,0.25,0.1875,0.0625,0.5,2,1,motif_0035,exact_flanked,KKFKNSTYSRSSVDC,True,,
pep_00259,GKKFKNSTYSRSSVDCQ,17,3,0.23529411764705882,0.17647058823529413,0.058823529411764705,0.5294117647058824,2,1,motif_0035,exact_flanked,KKFKNSTYSRSSVDC,True,,
pep_00260,KKFKNSTYSRSSVDCA,16,3,0.25,0.25,0.0625,0.4375,2,1,motif_0035,exact_flanked,KKFKNSTYSRSSVDC,True,,
pep_00261,AKKFKNSTYSRSSVDC,16,3,0.25,0.25,0.0625,0.4375,2,1,motif_0035,exact_flanked,KKFKNSTYSRSSVDC,True,,
pep_00262,KKFKNSTYSRSSVDCS,16,3,0.25,0.1875,0.0625,0.5,2,1,motif_0035,exact_flanked,KKFKNSTYSRSSVDC,True,,
pep_00263,GKKFKNSTYSRSSVDCG,17,3,0.23529411764705882,0.17647058823529413,0.058823529411764705,0.5294117647058824,2,1,motif_0035,exact_flanked,KKFKNSTYSRSSVDC,True,,
pep_00264,QKKFKNSTYSRSSVDCG,17,3,0.23529411764705882,0.17647058823529413,0.058823529411764705,0.5294117647058824,2,1,motif_0035,exact_flanked,KKFKNSTYSRSSVDC,True,,
pep_00265,AKTGKRKRSQMLFRGRRASQ,20,8,0.4,0.25,0.0,0.35,4,3,motif_0036,exact_core,AKTGKRKRSQMLFRGRRASQ,True,,cpp_like_uptake_risk
pep_00266,KKGFYKKKQCRPSKGRKR,18,10,0.5555555555555556,0.1111111111111111,0.0,0.3333333333333333,3,2,motif_0037,exact_core,KKGFYKKKQCRPSKGRKR,True,,cpp_like_uptake_risk
pep_00267,KKGFYKKKQCRPSKGRKRA,19,10,0.5263157894736842,0.15789473684210525,0.0,0.3157894736842105,3,2,motif_0037,exact_flanked,KKGFYKKKQCRPSKGRKR,True,,cpp_like_uptake_risk
pep_00268,KKGFYKKKQCRPSKGRKRG,19,10,0.5263157894736842,0.10526315789473684,0.0,0.3684210526315789,3,2,motif_0037,exact_flanked,KKGFYKKKQCRPSKGRKR,True,,cpp_like_uptake_risk
pep_00269,QKKGFYKKKQCRPSKGRKRG,20,10,0.5,0.1,0.0,0.4,3,2,motif_0037,exact_flanked,KKGFYKKKQCRPSKGRKR,True,,cpp_like_uptake_risk
pep_00270,AKKGFYKKKQCRPSKGRKR,19,10,0.5263157894736842,0.15789473684210525,0.0,0.3157894736842105,3,2,motif_0037,exact_flanked,KKGFYKKKQCRPSKGRKR,True,,cpp_like_uptake_risk
pep_00271,KKGFYKKKQCRPSKGRKRS,19,10,0.5263157894736842,0.10526315789473684,0.0,0.3684210526315789,3,2,motif_0037,exact_flanked,KKGFYKKKQCRPSKGRKR,True,,cpp_like_uptake_risk
pep_00272,SKKGFYKKKQCRPSKGRKR,19,10,0.5263157894736842,0.10526315789473684,0.0,0.3684210526315789,3,2,motif_0037,exact_flanked,KKGFYKKKQCRPSKGRKR,True,,cpp_like_uptake_risk
pep_00273,QKKGFYKKKQCRPSKGRKRQ,20,10,0.5,0.1,0.0,0.4,3,2,motif_0037,exact_flanked,KKGFYKKKQCRPSKGRKR,True,,cpp_like_uptake_risk
pep_00274,KKGFYKKKQCRPSKGRKRQ,19,10,0.5263157894736842,0.10526315789473684,0.0,0.3684210526315789,3,2,motif_0037,exact_flanked,KKGFYKKKQCRPSKGRKR,True,,cpp_like_uptake_risk
pep_00275,GKKGFYKKKQCRPSKGRKR,19,10,0.5263157894736842,0.10526315789473684,0.0,0.3684210526315789,3,2,motif_0037,exact_flanked,KKGFYKKKQCRPSKGRKR,True,,cpp_like_uptake_risk
pep_00276,GKKGFYKKKQCRPSKGRKRG,20,10,0.5,0.1,0.0,0.4,3,2,motif_0037,exact_flanked,KKGFYKKKQCRPSKGRKR,True,,cpp_like_uptake_risk
pep_00277,GKKGFYKKKQCRPSKGRKRQ,20,10,0.5,0.1,0.0,0.4,3,2,motif_0037,exact_flanked,KKGFYKKKQCRPSKGRKR,True,,cpp_like_uptake_risk
pep_00278,QKKGFYKKKQCRPSKGRKR,19,10,0.5263157894736842,0.10526315789473684,0.0,0.3684210526315789,3,2,motif_0037,exact_flanked,KKGFYKKKQCRPSKGRKR,True,,cpp_like_uptake_risk
pep_00279,RNGNFHPKQCHPALDQ,16,1,0.125,0.1875,0.0625,0.625,1,2,motif_0038,exact_core,RNGNFHPKQCHPALDQ,True,,
pep_00280,RNGNFHPKQCHPALDQG,17,1,0.11764705882352941,0.17647058823529413,0.058823529411764705,0.6470588235294118,1,2,motif_0038,exact_flanked,RNGNFHPKQCHPALDQ,True,,
pep_00281,GRNGNFHPKQCHPALDQQ,18,1,0.1111111111111111,0.16666666666666666,0.05555555555555555,0.6666666666666666,1,2,motif_0038,exact_flanked,RNGNFHPKQCHPALDQ,True,,
pep_00282,RNGNFHPKQCHPALDQQ,17,1,0.11764705882352941,0.17647058823529413,0.058823529411764705,0.6470588235294118,1,2,motif_0038,exact_flanked,RNGNFHPKQCHPALDQ,True,,
pep_00283,GRNGNFHPKQCHPALDQG,18,1,0.1111111111111111,0.16666666666666666,0.05555555555555555,0.6666666666666666,1,2,motif_0038,exact_flanked,RNGNFHPKQCHPALDQ,True,,
pep_00284,ARNGNFHPKQCHPALDQ,17,1,0.11764705882352941,0.23529411764705882,0.058823529411764705,0.5882352941176471,1,2,motif_0038,exact_flanked,RNGNFHPKQCHPALDQ,True,,
pep_00285,QRNGNFHPKQCHPALDQQ,18,1,0.1111111111111111,0.16666666666666666,0.05555555555555555,0.6666666666666666,1,2,motif_0038,exact_flanked,RNGNFHPKQCHPALDQ,True,,
pep_00286,RNGNFHPKQCHPALDQA,17,1,0.11764705882352941,0.23529411764705882,0.058823529411764705,0.5882352941176471,1,2,motif_0038,exact_flanked,RNGNFHPKQCHPALDQ,True,,
pep_00287,QRNGNFHPKQCHPALDQG,18,1,0.1111111111111111,0.16666666666666666,0.05555555555555555,0.6666666666666666,1,2,motif_0038,exact_flanked,RNGNFHPKQCHPALDQ,True,,
pep_00288,SRNGNFHPKQCHPALDQ,17,1,0.11764705882352941,0.17647058823529413,0.058823529411764705,0.6470588235294118,1,2,motif_0038,exact_flanked,RNGNFHPKQCHPALDQ,True,,
pep_00289,GRNGNFHPKQCHPALDQ,17,1,0.11764705882352941,0.17647058823529413,0.058823529411764705,0.6470588235294118,1,2,motif_0038,exact_flanked,RNGNFHPKQCHPALDQ,True,,
pep_00290,QRNGNFHPKQCHPALDQ,17,1,0.11764705882352941,0.17647058823529413,0.058823529411764705,0.6470588235294118,1,2,motif_0038,exact_flanked,RNGNFHPKQCHPALDQ,True,,
pep_00291,RNGNFHPKQCHPALDQS,17,1,0.11764705882352941,0.17647058823529413,0.058823529411764705,0.6470588235294118,1,2,motif_0038,exact_flanked,RNGNFHPKQCHPALDQ,True,,
pep_00292,RKGFYKRKQCKPSRGRKR,18,10,0.5555555555555556,0.1111111111111111,0.0,0.3333333333333333,3,2,motif_0039,exact_core,RKGFYKRKQCKPSRGRKR,True,,cpp_like_uptake_risk
pep_00293,RKGFYKRKQCKPSRGRKRS,19,10,0.5263157894736842,0.10526315789473684,0.0,0.3684210526315789,3,2,motif_0039,exact_flanked,RKGFYKRKQCKPSRGRKR,True,,cpp_like_uptake_risk
pep_00294,GRKGFYKRKQCKPSRGRKR,19,10,0.5263157894736842,0.10526315789473684,0.0,0.3684210526315789,3,2,motif_0039,exact_flanked,RKGFYKRKQCKPSRGRKR,True,,cpp_like_uptake_risk
pep_00295,GRKGFYKRKQCKPSRGRKRG,20,10,0.5,0.1,0.0,0.4,3,2,motif_0039,exact_flanked,RKGFYKRKQCKPSRGRKR,True,,cpp_like_uptake_risk
pep_00296,RKGFYKRKQCKPSRGRKRA,19,10,0.5263157894736842,0.15789473684210525,0.0,0.3157894736842105,3,2,motif_0039,exact_flanked,RKGFYKRKQCKPSRGRKR,True,,cpp_like_uptake_risk
pep_00297,RKGFYKRKQCKPSRGRKRG,19,10,0.5263157894736842,0.10526315789473684,0.0,0.3684210526315789,3,2,motif_0039,exact_flanked,RKGFYKRKQCKPSRGRKR,True,,cpp_like_uptake_risk
pep_00298,QRKGFYKRKQCKPSRGRKRG,20,10,0.5,0.1,0.0,0.4,3,2,motif_0039,exact_flanked,RKGFYKRKQCKPSRGRKR,True,,cpp_like_uptake_risk
pep_00299,RKGFYKRKQCKPSRGRKRQ,19,10,0.5263157894736842,0.10526315789473684,0.0,0.3684210526315789,3,2,motif_0039,exact_flanked,RKGFYKRKQCKPSRGRKR,True,,cpp_like_uptake_risk
pep_00300,QRKGFYKRKQCKPSRGRKR,19,10,0.5263157894736842,0.10526315789473684,0.0,0.3684210526315789,3,2,motif_0039,exact_flanked,RKGFYKRKQCKPSRGRKR,True,,cpp_like_uptake_risk
pep_00301,GRKGFYKRKQCKPSRGRKRQ,20,10,0.5,0.1,0.0,0.4,3,2,motif_0039,exact_flanked,RKGFYKRKQCKPSRGRKR,True,,cpp_like_uptake_risk
pep_00302,QRKGFYKRKQCKPSRGRKRQ,20,10,0.5,0.1,0.0,0.4,3,2,motif_0039,exact_flanked,RKGFYKRKQCKPSRGRKR,True,,cpp_like_uptake_risk
pep_00303,SRKGFYKRKQCKPSRGRKR,19,10,0.5263157894736842,0.10526315789473684,0.0,0.3684210526315789,3,2,motif_0039,exact_flanked,RKGFYKRKQCKPSRGRKR,True,,cpp_like_uptake_risk
pep_00304,ARKGFYKRKQCKPSRGRKR,19,10,0.5263157894736842,0.15789473684210525,0.0,0.3157894736842105,3,2,motif_0039,exact_flanked,RKGFYKRKQCKPSRGRKR,True,,cpp_like_uptake_risk
pep_00305,HRGFYRKRQCRSSQGQRR,18,7,0.3888888888888889,0.1111111111111111,0.0,0.5,3,2,motif_0040,exact_core,HRGFYRKRQCRSSQGQRR,True,,
pep_00306,GHRGFYRKRQCRSSQGQRR,19,7,0.3684210526315789,0.10526315789473684,0.0,0.5263157894736842,3,2,motif_0040,exact_flanked,HRGFYRKRQCRSSQGQRR,True,,
pep_00307,QHRGFYRKRQCRSSQGQRRG,20,7,0.35,0.1,0.0,0.55,3,2,motif_0040,exact_flanked,HRGFYRKRQCRSSQGQRR,True,,
pep_00308,QHRGFYRKRQCRSSQGQRR,19,7,0.3684210526315789,0.10526315789473684,0.0,0.5263157894736842,3,2,motif_0040,exact_flanked,HRGFYRKRQCRSSQGQRR,True,,
pep_00309,HRGFYRKRQCRSSQGQRRA,19,7,0.3684210526315789,0.15789473684210525,0.0,0.47368421052631576,3,2,motif_0040,exact_flanked,HRGFYRKRQCRSSQGQRR,True,,
pep_00310,QHRGFYRKRQCRSSQGQRRQ,20,7,0.35,0.1,0.0,0.55,3,2,motif_0040,exact_flanked,HRGFYRKRQCRSSQGQRR,True,,
pep_00311,GHRGFYRKRQCRSSQGQRRG,20,7,0.35,0.1,0.0,0.55,3,2,motif_0040,exact_flanked,HRGFYRKRQCRSSQGQRR,True,,
pep_00312,HRGFYRKRQCRSSQGQRRQ,19,7,0.3684210526315789,0.10526315789473684,0.0,0.5263157894736842,3,2,motif_0040,exact_flanked,HRGFYRKRQCRSSQGQRR,True,,
pep_00313,SHRGFYRKRQCRSSQGQRR,19,7,0.3684210526315789,0.10526315789473684,0.0,0.5263157894736842,3,2,motif_0040,exact_flanked,HRGFYRKRQCRSSQGQRR,True,,
pep_00314,HRGFYRKRQCRSSQGQRRG,19,7,0.3684210526315789,0.10526315789473684,0.0,0.5263157894736842,3,2,motif_0040,exact_flanked,HRGFYRKRQCRSSQGQRR,True,,
pep_00315,GHRGFYRKRQCRSSQGQRRQ,20,7,0.35,0.1,0.0,0.55,3,2,motif_0040,exact_flanked,HRGFYRKRQCRSSQGQRR,True,,
pep_00316,HRGFYRKRQCRSSQGQRRS,19,7,0.3684210526315789,0.10526315789473684,0.0,0.5263157894736842,3,2,motif_0040,exact_flanked,HRGFYRKRQCRSSQGQRR,True,,
pep_00317,AHRGFYRKRQCRSSQGQRR,19,7,0.3684210526315789,0.15789473684210525,0.0,0.47368421052631576,3,2,motif_0040,exact_flanked,HRGFYRKRQCRSSQGQRR,True,,
pep_00320,GGRRRPPRK,9,5,0.5555555555555556,0.0,0.0,0.4444444444444444,3,0,motif_0042,exact_flanked,RRRPPRK,True,,
pep_00321,QGRRRPPRK,9,5,0.5555555555555556,0.0,0.0,0.4444444444444444,3,0,motif_0042,exact_flanked,RRRPPRK,True,,
pep_00322,QGRRRPPRKG,10,5,0.5,0.0,0.0,0.5,3,0,motif_0042,exact_flanked,RRRPPRK,True,,
pep_00323,GRRRPPRKA,9,5,0.5555555555555556,0.1111111111111111,0.0,0.3333333333333333,3,1,motif_0042,exact_flanked,RRRPPRK,True,,
pep_00324,GRRRPPRKG,9,5,0.5555555555555556,0.0,0.0,0.4444444444444444,3,0,motif_0042,exact_flanked,RRRPPRK,True,,
pep_00325,AGRRRPPRK,9,5,0.5555555555555556,0.1111111111111111,0.0,0.3333333333333333,3,1,motif_0042,exact_flanked,RRRPPRK,True,,
pep_00326,QGRRRPPRKQ,10,5,0.5,0.0,0.0,0.5,3,0,motif_0042,exact_flanked,RRRPPRK,True,,
pep_00327,GRRRPPRKS,9,5,0.5555555555555556,0.0,0.0,0.4444444444444444,3,0,motif_0042,exact_flanked,RRRPPRK,True,,
pep_00328,GRRRPPRKQ,9,5,0.5555555555555556,0.0,0.0,0.4444444444444444,3,0,motif_0042,exact_flanked,RRRPPRK,True,,
pep_00329,SGRRRPPRK,9,5,0.5555555555555556,0.0,0.0,0.4444444444444444,3,0,motif_0042,exact_flanked,RRRPPRK,True,,
pep_00330,GGRRRPPRKG,10,5,0.5,0.0,0.0,0.5,3,0,motif_0042,exact_flanked,RRRPPRK,True,,
pep_00331,GGRRRPPRKQ,10,5,0.5,0.0,0.0,0.5,3,0,motif_0042,exact_flanked,RRRPPRK,True,,
pep_00333,RKNRCNNLGYEINKVRAKR,19,6,0.3684210526315789,0.2631578947368421,0.05263157894736842,0.3157894736842105,2,1,motif_0044,exact_core,RKNRCNNLGYEINKVRAKR,True,,
pep_00334,ARKNRCNNLGYEINKVRAKR,20,6,0.35,0.3,0.05,0.3,2,1,motif_0044,exact_flanked,RKNRCNNLGYEINKVRAKR,True,,
pep_00335,QRKNRCNNLGYEINKVRAKR,20,6,0.35,0.25,0.05,0.35,2,1,motif_0044,exact_flanked,RKNRCNNLGYEINKVRAKR,True,,
pep_00336,RKNRCNNLGYEINKVRAKRA,20,6,0.35,0.3,0.05,0.3,2,1,motif_0044,exact_flanked,RKNRCNNLGYEINKVRAKR,True,,
pep_00337,RKNRCNNLGYEINKVRAKRQ,20,6,0.35,0.25,0.05,0.35,2,1,motif_0044,exact_flanked,RKNRCNNLGYEINKVRAKR,True,,
pep_00338,SRKNRCNNLGYEINKVRAKR,20,6,0.35,0.25,0.05,0.35,2,1,motif_0044,exact_flanked,RKNRCNNLGYEINKVRAKR,True,,
pep_00339,RKNRCNNLGYEINKVRAKRG,20,6,0.35,0.25,0.05,0.35,2,1,motif_0044,exact_flanked,RKNRCNNLGYEINKVRAKR,True,,
pep_00340,RKNRCNNLGYEINKVRAKRS,20,6,0.35,0.25,0.05,0.35,2,1,motif_0044,exact_flanked,RKNRCNNLGYEINKVRAKR,True,,
pep_00341,GRKNRCNNLGYEINKVRAKR,20,6,0.35,0.25,0.05,0.35,2,1,motif_0044,exact_flanked,RKNRCNNLGYEINKVRAKR,True,,
pep_00342,IWKHKGRDVILKKDVRFI,18,4,0.3333333333333333,0.4444444444444444,0.1111111111111111,0.1111111111111111,2,3,motif_0045,exact_core,IWKHKGRDVILKKDVRFI,True,,aggregation_risk
pep_00343,AIWKHKGRDVILKKDVRFI,19,4,0.3157894736842105,0.47368421052631576,0.10526315789473684,0.10526315789473684,2,3,motif_0045,exact_flanked,IWKHKGRDVILKKDVRFI,True,,aggregation_risk
pep_00344,IWKHKGRDVILKKDVRFIA,19,4,0.3157894736842105,0.47368421052631576,0.10526315789473684,0.10526315789473684,2,3,motif_0045,exact_flanked,IWKHKGRDVILKKDVRFI,True,,aggregation_risk
pep_00345,QIWKHKGRDVILKKDVRFI,19,4,0.3157894736842105,0.42105263157894735,0.10526315789473684,0.15789473684210525,2,3,motif_0045,exact_flanked,IWKHKGRDVILKKDVRFI,True,,aggregation_risk
pep_00346,SIWKHKGRDVILKKDVRFI,19,4,0.3157894736842105,0.42105263157894735,0.10526315789473684,0.15789473684210525,2,3,motif_0045,exact_flanked,IWKHKGRDVILKKDVRFI,True,,aggregation_risk
pep_00347,QIWKHKGRDVILKKDVRFIQ,20,4,0.3,0.4,0.1,0.2,2,3,motif_0045,exact_flanked,IWKHKGRDVILKKDVRFI,True,,aggregation_risk
pep_00348,IWKHKGRDVILKKDVRFIS,19,4,0.3157894736842105,0.42105263157894735,0.10526315789473684,0.15789473684210525,2,3,motif_0045,exact_flanked,IWKHKGRDVILKKDVRFI,True,,aggregation_risk
pep_00349,QIWKHKGRDVILKKDVRFIG,20,4,0.3,0.4,0.1,0.2,2,3,motif_0045,exact_flanked,IWKHKGRDVILKKDVRFI,True,,aggregation_risk
pep_00350,GIWKHKGRDVILKKDVRFIQ,20,4,0.3,0.4,0.1,0.2,2,3,motif_0045,exact_flanked,IWKHKGRDVILKKDVRFI,True,,aggregation_risk
pep_00351,IWKHKGRDVILKKDVRFIG,19,4,0.3157894736842105,0.42105263157894735,0.10526315789473684,0.15789473684210525,2,3,motif_0045,exact_flanked,IWKHKGRDVILKKDVRFI,True,,aggregation_risk
pep_00352,GIWKHKGRDVILKKDVRFIG,20,4,0.3,0.4,0.1,0.2,2,3,motif_0045,exact_flanked,IWKHKGRDVILKKDVRFI,True,,aggregation_risk
pep_00353,IWKHKGRDVILKKDVRFIQ,19,4,0.3157894736842105,0.42105263157894735,0.10526315789473684,0.15789473684210525,2,3,motif_0045,exact_flanked,IWKHKGRDVILKKDVRFI,True,,aggregation_risk
pep_00354,GIWKHKGRDVILKKDVRFI,19,4,0.3157894736842105,0.42105263157894735,0.10526315789473684,0.15789473684210525,2,3,motif_0045,exact_flanked,IWKHKGRDVILKKDVRFI,True,,aggregation_risk
pep_00368,RSPKPPNKKKTKKV,14,7,0.5,0.07142857142857142,0.0,0.42857142857142855,3,1,motif_0047,exact_core,RSPKPPNKKKTKKV,True,,cpp_like_uptake_risk
pep_00369,GRSPKPPNKKKTKKVG,16,7,0.4375,0.0625,0.0,0.5,3,1,motif_0047,exact_flanked,RSPKPPNKKKTKKV,True,,
pep_00370,SRSPKPPNKKKTKKV,15,7,0.4666666666666667,0.06666666666666667,0.0,0.4666666666666667,3,1,motif_0047,exact_flanked,RSPKPPNKKKTKKV,True,,cpp_like_uptake_risk
pep_00371,RSPKPPNKKKTKKVQ,15,7,0.4666666666666667,0.06666666666666667,0.0,0.4666666666666667,3,1,motif_0047,exact_flanked,RSPKPPNKKKTKKV,True,,cpp_like_uptake_risk
pep_00372,QRSPKPPNKKKTKKVQ,16,7,0.4375,0.0625,0.0,0.5,3,1,motif_0047,exact_flanked,RSPKPPNKKKTKKV,True,,
pep_00373,RSPKPPNKKKTKKVG,15,7,0.4666666666666667,0.06666666666666667,0.0,0.4666666666666667,3,1,motif_0047,exact_flanked,RSPKPPNKKKTKKV,True,,cpp_like_uptake_risk
pep_00374,RSPKPPNKKKTKKVA,15,7,0.4666666666666667,0.13333333333333333,0.0,0.4,3,2,motif_0047,exact_flanked,RSPKPPNKKKTKKV,True,,cpp_like_uptake_risk
pep_00375,GRSPKPPNKKKTKKV,15,7,0.4666666666666667,0.06666666666666667,0.0,0.4666666666666667,3,1,motif_0047,exact_flanked,RSPKPPNKKKTKKV,True,,cpp_like_uptake_risk
pep_00376,RSPKPPNKKKTKKVS,15,7,0.4666666666666667,0.06666666666666667,0.0,0.4666666666666667,3,1,motif_0047,exact_flanked,RSPKPPNKKKTKKV,True,,cpp_like_uptake_risk
pep_00377,QRSPKPPNKKKTKKV,15,7,0.4666666666666667,0.06666666666666667,0.0,0.4666666666666667,3,1,motif_0047,exact_flanked,RSPKPPNKKKTKKV,True,,cpp_like_uptake_risk
pep_00378,GRSPKPPNKKKTKKVQ,16,7,0.4375,0.0625,0.0,0.5,3,1,motif_0047,exact_flanked,RSPKPPNKKKTKKV,True,,
pep_00379,ARSPKPPNKKKTKKV,15,7,0.4666666666666667,0.13333333333333333,0.0,0.4,3,1,motif_0047,exact_flanked,RSPKPPNKKKTKKV,True,,cpp_like_uptake_risk
pep_00380,QRSPKPPNKKKTKKVG,16,7,0.4375,0.0625,0.0,0.5,3,1,motif_0047,exact_flanked,RSPKPPNKKKTKKV,True,,
pep_00381,SEKTLRKWLKMFKKRQLELY,20,5,0.35,0.4,0.1,0.15,3,2,motif_0048,exact_core,SEKTLRKWLKMFKKRQLELY,True,,
pep_00382,YPARRARYQWVRCKP,15,5,0.3333333333333333,0.4,0.0,0.26666666666666666,2,2,motif_0049,exact_core,YPARRARYQWVRCKP,True,,
pep_00383,SYPARRARYQWVRCKP,16,5,0.3125,0.375,0.0,0.3125,2,2,motif_0049,exact_flanked,YPARRARYQWVRCKP,True,,
pep_00384,QYPARRARYQWVRCKPQ,17,5,0.29411764705882354,0.35294117647058826,0.0,0.35294117647058826,2,2,motif_0049,exact_flanked,YPARRARYQWVRCKP,True,,
pep_00385,GYPARRARYQWVRCKPQ,17,5,0.29411764705882354,0.35294117647058826,0.0,0.35294117647058826,2,2,motif_0049,exact_flanked,YPARRARYQWVRCKP,True,,
pep_00386,YPARRARYQWVRCKPS,16,5,0.3125,0.375,0.0,0.3125,2,2,motif_0049,exact_flanked,YPARRARYQWVRCKP,True,,
pep_00387,YPARRARYQWVRCKPA,16,5,0.3125,0.4375,0.0,0.25,2,2,motif_0049,exact_flanked,YPARRARYQWVRCKP,True,,
pep_00388,AYPARRARYQWVRCKP,16,5,0.3125,0.4375,0.0,0.25,2,2,motif_0049,exact_flanked,YPARRARYQWVRCKP,True,,
pep_00389,QYPARRARYQWVRCKP,16,5,0.3125,0.375,0.0,0.3125,2,2,motif_0049,exact_flanked,YPARRARYQWVRCKP,True,,
pep_00390,GYPARRARYQWVRCKPG,17,5,0.29411764705882354,0.35294117647058826,0.0,0.35294117647058826,2,2,motif_0049,exact_flanked,YPARRARYQWVRCKP,True,,
pep_00391,GYPARRARYQWVRCKP,16,5,0.3125,0.375,0.0,0.3125,2,2,motif_0049,exact_flanked,YPARRARYQWVRCKP,True,,
pep_00392,QYPARRARYQWVRCKPG,17,5,0.29411764705882354,0.35294117647058826,0.0,0.35294117647058826,2,2,motif_0049,exact_flanked,YPARRARYQWVRCKP,True,,
pep_00393,YPARRARYQWVRCKPQ,16,5,0.3125,0.375,0.0,0.3125,2,2,motif_0049,exact_flanked,YPARRARYQWVRCKP,True,,
pep_00394,YPARRARYQWVRCKPG,16,5,0.3125,0.375,0.0,0.3125,2,2,motif_0049,exact_flanked,YPARRARYQWVRCKP,True,,
pep_00395,GKRRHPKK,8,5,0.625,0.0,0.0,0.375,3,0,motif_0050,exact_core,KRRHPKK,True,,
pep_00396,SGKRRHPKK,9,5,0.5555555555555556,0.0,0.0,0.4444444444444444,3,0,motif_0050,exact_flanked,KRRHPKK,True,,
pep_00397,GKRRHPKKQ,9,5,0.5555555555555556,0.0,0.0,0.4444444444444444,3,0,motif_0050,exact_flanked,KRRHPKK,True,,
pep_00398,QGKRRHPKKQ,10,5,0.5,0.0,0.0,0.5,3,0,motif_0050,exact_flanked,KRRHPKK,True,,
pep_00399,GKRRHPKKS,9,5,0.5555555555555556,0.0,0.0,0.4444444444444444,3,0,motif_0050,exact_flanked,KRRHPKK,True,,
pep_00400,GGKRRHPKK,9,5,0.5555555555555556,0.0,0.0,0.4444444444444444,3,0,motif_0050,exact_flanked,KRRHPKK,True,,
pep_00401,QGKRRHPKKG,10,5,0.5,0.0,0.0,0.5,3,0,motif_0050,exact_flanked,KRRHPKK,True,,
pep_00402,GKRRHPKKG,9,5,0.5555555555555556,0.0,0.0,0.4444444444444444,3,0,motif_0050,exact_flanked,KRRHPKK,True,,
pep_00403,GKRRHPKKA,9,5,0.5555555555555556,0.1111111111111111,0.0,0.3333333333333333,3,1,motif_0050,exact_flanked,KRRHPKK,True,,
pep_00404,QGKRRHPKK,9,5,0.5555555555555556,0.0,0.0,0.4444444444444444,3,0,motif_0050,exact_flanked,KRRHPKK,True,,
pep_00405,GGKRRHPKKG,10,5,0.5,0.0,0.0,0.5,3,0,motif_0050,exact_flanked,KRRHPKK,True,,
pep_00406,GGKRRHPKKQ,10,5,0.5,0.0,0.0,0.5,3,0,motif_0050,exact_flanked,KRRHPKK,True,,
pep_00407,AGKRRHPKK,9,5,0.5555555555555556,0.1111111111111111,0.0,0.3333333333333333,3,1,motif_0050,exact_flanked,KRRHPKK,True,,
pep_00421,DFRKDLGWKWIHEPKGYHA,19,1,0.21052631578947367,0.3684210526315789,0.15789473684210525,0.2631578947368421,2,2,motif_0052,exact_core,DFRKDLGWKWIHEPKGYHA,True,,
pep_00422,QDFRKDLGWKWIHEPKGYHA,20,1,0.2,0.35,0.15,0.3,2,2,motif_0052,exact_flanked,DFRKDLGWKWIHEPKGYHA,True,,
pep_00423,DFRKDLGWKWIHEPKGYHAA,20,1,0.2,0.4,0.15,0.25,2,2,motif_0052,exact_flanked,DFRKDLGWKWIHEPKGYHA,True,,
pep_00424,ADFRKDLGWKWIHEPKGYHA,20,1,0.2,0.4,0.15,0.25,2,2,motif_0052,exact_flanked,DFRKDLGWKWIHEPKGYHA,True,,
pep_00425,DFRKDLGWKWIHEPKGYHAQ,20,1,0.2,0.35,0.15,0.3,2,2,motif_0052,exact_flanked,DFRKDLGWKWIHEPKGYHA,True,,
pep_00426,DFRKDLGWKWIHEPKGYHAS,20,1,0.2,0.35,0.15,0.3,2,2,motif_0052,exact_flanked,DFRKDLGWKWIHEPKGYHA,True,,
pep_00427,GDFRKDLGWKWIHEPKGYHA,20,1,0.2,0.35,0.15,0.3,2,2,motif_0052,exact_flanked,DFRKDLGWKWIHEPKGYHA,True,,
pep_00428,SDFRKDLGWKWIHEPKGYHA,20,1,0.2,0.35,0.15,0.3,2,2,motif_0052,exact_flanked,DFRKDLGWKWIHEPKGYHA,True,,
pep_00429,DFRKDLGWKWIHEPKGYHAG,20,1,0.2,0.35,0.15,0.3,2,2,motif_0052,exact_flanked,DFRKDLGWKWIHEPKGYHA,True,,
pep_00430,RKGSGRRLVK,10,5,0.5,0.2,0.0,0.3,2,2,motif_0053,exact_core,RKGSGRRLVK,True,,
pep_00431,RKGSGRRLVKS,11,5,0.45454545454545453,0.18181818181818182,0.0,0.36363636363636365,2,2,motif_0053,exact_flanked,RKGSGRRLVK,True,,
pep_00432,ARKGSGRRLVK,11,5,0.45454545454545453,0.2727272727272727,0.0,0.2727272727272727,2,2,motif_0053,exact_flanked,RKGSGRRLVK,True,,
pep_00433,RKGSGRRLVKA,11,5,0.45454545454545453,0.2727272727272727,0.0,0.2727272727272727,2,2,motif_0053,exact_flanked,RKGSGRRLVK,True,,
pep_00434,QRKGSGRRLVKQ,12,5,0.4166666666666667,0.16666666666666666,0.0,0.4166666666666667,2,2,motif_0053,exact_flanked,RKGSGRRLVK,True,,
pep_00435,QRKGSGRRLVK,11,5,0.45454545454545453,0.18181818181818182,0.0,0.36363636363636365,2,2,motif_0053,exact_flanked,RKGSGRRLVK,True,,
pep_00436,RKGSGRRLVKG,11,5,0.45454545454545453,0.18181818181818182,0.0,0.36363636363636365,2,2,motif_0053,exact_flanked,RKGSGRRLVK,True,,
pep_00437,GRKGSGRRLVKQ,12,5,0.4166666666666667,0.16666666666666666,0.0,0.4166666666666667,2,2,motif_0053,exact_flanked,RKGSGRRLVK,True,,
pep_00438,SRKGSGRRLVK,11,5,0.45454545454545453,0.18181818181818182,0.0,0.36363636363636365,2,2,motif_0053,exact_flanked,RKGSGRRLVK,True,,
pep_00439,RKGSGRRLVKQ,11,5,0.45454545454545453,0.18181818181818182,0.0,0.36363636363636365,2,2,motif_0053,exact_flanked,RKGSGRRLVK,True,,
pep_00440,QRKGSGRRLVKG,12,5,0.4166666666666667,0.16666666666666666,0.0,0.4166666666666667,2,2,motif_0053,exact_flanked,RKGSGRRLVK,True,,
pep_00441,GRKGSGRRLVKG,12,5,0.4166666666666667,0.16666666666666666,0.0,0.4166666666666667,2,2,motif_0053,exact_flanked,RKGSGRRLVK,True,,
pep_00442,GRKGSGRRLVK,11,5,0.45454545454545453,0.18181818181818182,0.0,0.36363636363636365,2,2,motif_0053,exact_flanked,RKGSGRRLVK,True,,
pep_00443,GRQMKKTR,8,4,0.5,0.125,0.0,0.375,2,1,motif_0054,exact_core,RQMKKTR,True,,
pep_00444,GRQMKKTRG,9,4,0.4444444444444444,0.1111111111111111,0.0,0.4444444444444444,2,1,motif_0054,exact_flanked,RQMKKTR,True,,
pep_00445,GRQMKKTRS,9,4,0.4444444444444444,0.1111111111111111,0.0,0.4444444444444444,2,1,motif_0054,exact_flanked,RQMKKTR,True,,
pep_00446,GRQMKKTRA,9,4,0.4444444444444444,0.2222222222222222,0.0,0.3333333333333333,2,1,motif_0054,exact_flanked,RQMKKTR,True,,
pep_00447,QGRQMKKTRG,10,4,0.4,0.1,0.0,0.5,2,1,motif_0054,exact_flanked,RQMKKTR,True,,
pep_00448,GGRQMKKTRG,10,4,0.4,0.1,0.0,0.5,2,1,motif_0054,exact_flanked,RQMKKTR,True,,
pep_00449,SGRQMKKTR,9,4,0.4444444444444444,0.1111111111111111,0.0,0.4444444444444444,2,1,motif_0054,exact_flanked,RQMKKTR,True,,
pep_00450,QGRQMKKTRQ,10,4,0.4,0.1,0.0,0.5,2,1,motif_0054,exact_flanked,RQMKKTR,True,,
pep_00451,GRQMKKTRQ,9,4,0.4444444444444444,0.1111111111111111,0.0,0.4444444444444444,2,1,motif_0054,exact_flanked,RQMKKTR,True,,
pep_00452,AGRQMKKTR,9,4,0.4444444444444444,0.2222222222222222,0.0,0.3333333333333333,2,1,motif_0054,exact_flanked,RQMKKTR,True,,
pep_00453,GGRQMKKTR,9,4,0.4444444444444444,0.1111111111111111,0.0,0.4444444444444444,2,1,motif_0054,exact_flanked,RQMKKTR,True,,
pep_00454,QGRQMKKTR,9,4,0.4444444444444444,0.1111111111111111,0.0,0.4444444444444444,2,1,motif_0054,exact_flanked,RQMKKTR,True,,
pep_00455,GGRQMKKTRQ,10,4,0.4,0.1,0.0,0.5,2,1,motif_0054,exact_flanked,RQMKKTR,True,,
pep_00456,AKKQRFRHRNRKGYR,15,8,0.5333333333333333,0.2,0.0,0.26666666666666666,2,1,motif_0055,exact_core,AKKQRFRHRNRKGYR,True,,cpp_like_uptake_risk
pep_00457,GAKKQRFRHRNRKGYR,16,8,0.5,0.1875,0.0,0.3125,2,1,motif_0055,exact_flanked,AKKQRFRHRNRKGYR,True,,cpp_like_uptake_risk
pep_00458,AKKQRFRHRNRKGYRS,16,8,0.5,0.1875,0.0,0.3125,2,1,motif_0055,exact_flanked,AKKQRFRHRNRKGYR,True,,cpp_like_uptake_risk
pep_00459,AAKKQRFRHRNRKGYR,16,8,0.5,0.25,0.0,0.25,2,2,motif_0055,exact_flanked,AKKQRFRHRNRKGYR,True,,cpp_like_uptake_risk
pep_00460,QAKKQRFRHRNRKGYR,16,8,0.5,0.1875,0.0,0.3125,2,1,motif_0055,exact_flanked,AKKQRFRHRNRKGYR,True,,cpp_like_uptake_risk
pep_00461,GAKKQRFRHRNRKGYRQ,17,8,0.47058823529411764,0.17647058823529413,0.0,0.35294117647058826,2,1,motif_0055,exact_flanked,AKKQRFRHRNRKGYR,True,,cpp_like_uptake_risk
